<?xml version="1.0" encoding="UTF-8"?>
<metadata modelVersion="1.1.0">
  <groupId>org.codehaus.mojo</groupId>
  <artifactId>autoincrement-versions-maven-plugin</artifactId>
  <version>2.0-SNAPSHOT</version>
  <versioning>
    <snapshot>
      <localCopy>true</localCopy>
    </snapshot>
    <lastUpdated>20180604212429</lastUpdated>
    <snapshotVersions>
      <snapshotVersion>
        <extension>jar</extension>
        <value>2.0-SNAPSHOT</value>
        <updated>20180604212429</updated>
      </snapshotVersion>
      <snapshotVersion>
        <extension>pom</extension>
        <value>2.0-SNAPSHOT</value>
        <updated>20180604212429</updated>
      </snapshotVersion>
    </snapshotVersions>
  </versioning>
</metadata>
